{
  "publicPath": "/dist/",
  "all": [
    "5.2c62d59e83786b2cacd4.js",
    "0.4f58fd182d7f65fad4b2.js",
    "2.4fb1238aa1c9ee532be6.js",
    "3.0506011a1b1628cbed36.js",
    "4.0869614d23a3aa170357.js",
    "1.edce9867fe1688874da3.js",
    "6.f9608d9c02d30e55298a.js",
    "app.e8ba2bd0be9591637db7.js",
    "vendor.035d77b24ad14cf1395a.js",
    "manifest.092a509bd3c7ec142794.js",
    "common.e8ba2bd0be9591637db7.css"
  ],
  "initial": [
    "manifest.092a509bd3c7ec142794.js",
    "vendor.035d77b24ad14cf1395a.js",
    "app.e8ba2bd0be9591637db7.js"
  ],
  "async": [
    "5.2c62d59e83786b2cacd4.js",
    "0.4f58fd182d7f65fad4b2.js",
    "2.4fb1238aa1c9ee532be6.js",
    "3.0506011a1b1628cbed36.js",
    "4.0869614d23a3aa170357.js",
    "1.edce9867fe1688874da3.js",
    "6.f9608d9c02d30e55298a.js"
  ],
  "modules": {
    "731121f3": [
      8
    ],
    "21524a9b": [
      8
    ],
    "d77d3696": [
      7,
      10
    ],
    "6f857e00": [
      8
    ],
    "38ba7379": [
      7,
      10
    ],
    "3267ec53": [
      7,
      10
    ],
    "4c8067ad": [
      7,
      10
    ],
    "dfe31178": [
      7,
      10
    ],
    "a6fadc18": [
      7,
      10
    ],
    "c6723152": [
      7,
      10
    ],
    "840d696e": [
      7,
      10
    ],
    "5369e81a": [
      7,
      10
    ],
    "72c9e564": [
      7,
      10
    ],
    "1c8625dc": [
      7,
      10
    ],
    "48562e4c": [
      7,
      10
    ],
    "0a5cb787": [
      7,
      10
    ],
    "21aaafdc": [
      7,
      10
    ],
    "52c952d2": [
      7,
      10
    ],
    "13ee233a": [
      7,
      10
    ],
    "f25e92ac": [
      7,
      10
    ],
    "4b830aad": [
      7,
      10
    ],
    "6039997c": [
      8
    ],
    "6d5913e6": [
      7,
      10
    ],
    "e2136054": [
      7,
      10
    ],
    "efbed38e": [
      7,
      10
    ],
    "daf47712": [
      7,
      10
    ],
    "33bbd362": [
      8
    ],
    "4d19e245": [
      7,
      10
    ],
    "39d67c98": [
      7,
      10
    ],
    "5b08e08a": [
      7,
      10
    ],
    "74db4173": [
      7,
      10
    ],
    "a9598ff0": [
      7,
      10
    ],
    "3a669eff": [
      7,
      10
    ],
    "f274928a": [
      7,
      10
    ],
    "910e2722": [
      7,
      10
    ],
    "6aa5a0d5": [
      7,
      10
    ],
    "0795ac78": [
      8
    ],
    "1b73d2ec": [
      8
    ],
    "1b4acbb0": [
      8
    ],
    "2a75c7f3": [
      8
    ],
    "5ea9fc41": [
      8
    ],
    "01b1bf50": [
      1
    ],
    "2121e437": [
      6
    ],
    "0d4c604e": [
      0
    ],
    "1f6486ec": [
      4
    ],
    "942fe9ea": [
      3
    ],
    "149e328b": [
      2
    ],
    "0832f2fc": [
      5
    ],
    "a3e7db62": [
      8
    ],
    "1727d97b": [
      8
    ],
    "50fce54f": [
      1
    ],
    "0aea8258": [
      6
    ],
    "11d60322": [
      0
    ],
    "092d250d": [
      4
    ],
    "5f01ad4a": [
      3
    ],
    "e28e4fa8": [
      2
    ],
    "bb66e646": [
      5
    ],
    "0ee34880": [
      1
    ],
    "28fcebb0": [
      3
    ],
    "566ce676": [
      2
    ],
    "136680a7": [
      5
    ],
    "e14deade": [
      1
    ],
    "4d9112f6": [
      6
    ],
    "b9197512": [
      4
    ],
    "081627b2": [
      0
    ]
  }
}